mysql> 
mysql> select * from DATABASECHANGELOG;
+----+---------+-------------------------------+---------------------+---------------+----------+------------------------------------+---------------------------------+----------+------+-----------+----------+--------+---------------+
| ID | AUTHOR  | FILENAME                      | DATEEXECUTED        | ORDEREXECUTED | EXECTYPE | MD5SUM                             | DESCRIPTION                     | COMMENTS | TAG  | LIQUIBASE | CONTEXTS | LABELS | DEPLOYMENT_ID |
+----+---------+-------------------------------+---------------------+---------------+----------+------------------------------------+---------------------------------+----------+------+-----------+----------+--------+---------------+
| 1  | usuario | origen/create_medidas.xml     | 2025-02-26 17:14:41 |             1 | EXECUTED | 9:2bfeff56da87ec1a16bc11f94115fb1b | createTable tableName=medidas   |          | NULL | 4.31.1    | NULL     | NULL   | 0590078011    |
| 2  | usuario | origen/add_column_medidas.xml | 2025-02-26 17:15:38 |             2 | EXECUTED | 9:e96141f8892d2d5c9113955a3f2e732f | addColumn tableName=medidas     |          | NULL | 4.31.1    | NULL     | NULL   | 0590134967    |
| 2  | usuario | origen/create_distancia.xml   | 2025-02-26 18:34:53 |             3 | EXECUTED | 9:b8aec3d9a9078d9a4e72e931d5853097 | createTable tableName=distancia |          | NULL | 4.31.1    | NULL     | NULL   | 0594890032    |
+----+---------+-------------------------------+---------------------+---------------+----------+------------------------------------+---------------------------------+----------+------+-----------+----------+--------+---------------+
3 rows in set (0.00 sec)

mysql> 
mysql> DESCRIBE distancia;
+-------------+--------------+------+-----+---------+-------+
| Field       | Type         | Null | Key | Default | Extra |
+-------------+--------------+------+-----+---------+-------+
| id          | int          | NO   | PRI | NULL    |       |
| descripcion | varchar(100) | NO   |     | NULL    |       |
+-------------+--------------+------+-----+---------+-------+
2 rows in set (0.00 sec)


------------- paso 2 



mysql> 
mysql> select * from DATABASECHANGELOG;
+----+---------+-------------------------------+---------------------+---------------+----------+------------------------------------+---------------------------------+----------+------+-----------+----------+--------+---------------+
| ID | AUTHOR  | FILENAME                      | DATEEXECUTED        | ORDEREXECUTED | EXECTYPE | MD5SUM                             | DESCRIPTION                     | COMMENTS | TAG  | LIQUIBASE | CONTEXTS | LABELS | DEPLOYMENT_ID |
+----+---------+-------------------------------+---------------------+---------------+----------+------------------------------------+---------------------------------+----------+------+-----------+----------+--------+---------------+
| 1  | usuario | origen/create_medidas.xml     | 2025-02-26 17:51:46 |             1 | EXECUTED | 9:2bfeff56da87ec1a16bc11f94115fb1b | createTable tableName=medidas   |          | NULL | 4.31.1    | NULL     | NULL   | 0592302780    |
| 2  | usuario | origen/add_column_medidas.xml | 2025-02-26 17:51:46 |             2 | EXECUTED | 9:e96141f8892d2d5c9113955a3f2e732f | addColumn tableName=medidas     |          | NULL | 4.31.1    | NULL     | NULL   | 0592302780    |
| 2  | usuario | origen/create_distancia.xml   | 2025-02-26 18:50:32 |             3 | EXECUTED | 9:b8aec3d9a9078d9a4e72e931d5853097 | createTable tableName=distancia |          | NULL | 4.31.1    | NULL     | NULL   | 0595828893    |
+----+---------+-------------------------------+---------------------+---------------+----------+------------------------------------+---------------------------------+----------+------+-----------+----------+--------+---------------+
3 rows in set (0.01 sec)

mysql> 
mysql> DESCRIBE distancia;
+-------------+--------------+------+-----+---------+-------+
| Field       | Type         | Null | Key | Default | Extra |
+-------------+--------------+------+-----+---------+-------+
| id          | int          | NO   | PRI | NULL    |       |
| descripcion | varchar(100) | NO   |     | NULL    |       |
+-------------+--------------+------+-----+---------+-------+
2 rows in set (0.00 sec)

mysql> 


------------- paso 3 y 4 

@ysus âžœ /workspaces/Taller_liquibase1 (main) $ docker exec -it taller_liquibase1-mysql-prod-1 mysql -u user -p
Enter password: 
Welcome to the MySQL monitor.  Commands end with ; or \g.
Your MySQL connection id is 8
Server version: 8.4.4 MySQL Community Server - GPL

Copyright (c) 2000, 2025, Oracle and/or its affiliates.

Oracle is a registered trademark of Oracle Corporation and/or its
affiliates. Other names may be trademarks of their respective
owners.

Type 'help;' or '\h' for help. Type '\c' to clear the current input statement.

mysql> USE mibase1;
Database changed
mysql> 
mysql> SHOW TABLES;
Empty set (0.00 sec)

mysql> USE mibase1;
Database changed
mysql> 
mysql> SHOW TABLES;
+-----------------------+
| Tables_in_mibase1     |
+-----------------------+
| DATABASECHANGELOG     |
| DATABASECHANGELOGLOCK |
| distancia             |
| medidas               |
+-----------------------+
4 rows in set (0.00 sec)

mysql> 
mysql> select * from DATABASECHANGELOG;
+----+---------+-------------------------------+---------------------+---------------+----------+------------------------------------+---------------------------------+----------+------+-----------+----------+--------+---------------+
| ID | AUTHOR  | FILENAME                      | DATEEXECUTED        | ORDEREXECUTED | EXECTYPE | MD5SUM                             | DESCRIPTION                     | COMMENTS | TAG  | LIQUIBASE | CONTEXTS | LABELS | DEPLOYMENT_ID |
+----+---------+-------------------------------+---------------------+---------------+----------+------------------------------------+---------------------------------+----------+------+-----------+----------+--------+---------------+
| 1  | usuario | origen/create_medidas.xml     | 2025-02-26 19:41:40 |             1 | EXECUTED | 9:2bfeff56da87ec1a16bc11f94115fb1b | createTable tableName=medidas   |          | NULL | 4.31.1    | NULL     | NULL   | 0598896282    |
| 2  | usuario | origen/add_column_medidas.xml | 2025-02-26 19:41:40 |             2 | EXECUTED | 9:e96141f8892d2d5c9113955a3f2e732f | addColumn tableName=medidas     |          | NULL | 4.31.1    | NULL     | NULL   | 0598896282    |
| 2  | usuario | origen/create_distancia.xml   | 2025-02-26 19:41:40 |             3 | EXECUTED | 9:b8aec3d9a9078d9a4e72e931d5853097 | createTable tableName=distancia |          | NULL | 4.31.1    | NULL     | NULL   | 0598896282    |
+----+---------+-------------------------------+---------------------+---------------+----------+------------------------------------+---------------------------------+----------+------+-----------+----------+--------+---------------+
3 rows in set (0.00 sec)

mysql> 
mysql> DESCRIBE distancia;
+-------------+--------------+------+-----+---------+-------+
| Field       | Type         | Null | Key | Default | Extra |
+-------------+--------------+------+-----+---------+-------+
| id          | int          | NO   | PRI | NULL    |       |
| descripcion | varchar(100) | NO   |     | NULL    |       |
+-------------+--------------+------+-----+---------+-------+
2 rows in set (0.01 sec)

mysql> 